<?xml version="1.0" encoding="UTF-8"?>
<configurationDescriptor version="94">
  <logicalFolder name="root" displayName="root" projectFiles="true" kind="ROOT">
    <logicalFolder name="HeaderFiles"
                   displayName="Header Files"
                   projectFiles="true">
      <logicalFolder name="Matching" displayName="Matching" projectFiles="true">
        <itemPath>Matching/ECC.h</itemPath>
        <itemPath>Matching/EstimateRigidT.h</itemPath>
        <itemPath>Matching/TemplateMatching.h</itemPath>
      </logicalFolder>
      <itemPath>correction.h</itemPath>
      <itemPath>io.h</itemPath>
      <itemPath>matcher.h</itemPath>
      <itemPath>optimization.h</itemPath>
    </logicalFolder>
    <logicalFolder name="ResourceFiles"
                   displayName="Resource Files"
                   projectFiles="true">
    </logicalFolder>
    <logicalFolder name="SourceFiles"
                   displayName="Source Files"
                   projectFiles="true">
      <logicalFolder name="f1" displayName="Matching" projectFiles="true">
        <itemPath>Matching/ECC.cpp</itemPath>
        <itemPath>Matching/EstimateRigidT.cpp</itemPath>
        <itemPath>Matching/TemplateMatching.cpp</itemPath>
      </logicalFolder>
      <itemPath>correction.cpp</itemPath>
      <itemPath>io.cpp</itemPath>
      <itemPath>main.cpp</itemPath>
      <itemPath>matcher.cpp</itemPath>
    </logicalFolder>
    <logicalFolder name="TestFiles"
                   displayName="Test Files"
                   projectFiles="false"
                   kind="TEST_LOGICAL_FOLDER">
    </logicalFolder>
    <logicalFolder name="ExternalFiles"
                   displayName="Important Files"
                   projectFiles="false"
                   kind="IMPORTANT_FILES_FOLDER">
      <itemPath>Makefile</itemPath>
    </logicalFolder>
  </logicalFolder>
  <sourceRootList>
    <Elem>Matching</Elem>
  </sourceRootList>
  <projectmakefile>Makefile</projectmakefile>
  <confs>
    <conf name="Debug" type="1">
      <toolsSet>
        <compilerSet>default</compilerSet>
        <dependencyChecking>true</dependencyChecking>
        <rebuildPropChanged>false</rebuildPropChanged>
      </toolsSet>
      <compileType>
        <cTool>
          <incDir>
            <pElem>include</pElem>
            <pElem>.</pElem>
          </incDir>
          <commandLine>-march=native</commandLine>
          <warningLevel>2</warningLevel>
        </cTool>
        <ccTool>
          <incDir>
            <pElem>include</pElem>
            <pElem>.</pElem>
          </incDir>
          <commandLine>-march=native</commandLine>
          <warningLevel>2</warningLevel>
        </ccTool>
        <linkerTool>
          <linkerAddLib>
            <pElem>lib</pElem>
          </linkerAddLib>
          <linkerLibItems>
            <linkerLibStdlibItem>Mathematics</linkerLibStdlibItem>
            <linkerLibLibItem>opencv_calib3d300.dll</linkerLibLibItem>
            <linkerLibLibItem>opencv_contrib300.dll</linkerLibLibItem>
            <linkerLibLibItem>opencv_core300.dll</linkerLibLibItem>
            <linkerLibLibItem>opencv_features2d300.dll</linkerLibLibItem>
            <linkerLibLibItem>opencv_flann300.dll</linkerLibLibItem>
            <linkerLibLibItem>opencv_highgui300.dll</linkerLibLibItem>
            <linkerLibLibItem>opencv_imgcodecs300.dll</linkerLibLibItem>
            <linkerLibLibItem>opencv_imgproc300.dll</linkerLibLibItem>
            <linkerLibLibItem>opencv_legacy300.dll</linkerLibLibItem>
            <linkerLibLibItem>opencv_ml300.dll</linkerLibLibItem>
            <linkerLibLibItem>opencv_nonfree300.dll</linkerLibLibItem>
            <linkerLibLibItem>opencv_objdetect300.dll</linkerLibLibItem>
            <linkerLibLibItem>opencv_optim300.dll</linkerLibLibItem>
            <linkerLibLibItem>opencv_photo300.dll</linkerLibLibItem>
            <linkerLibLibItem>opencv_reg300.dll</linkerLibLibItem>
            <linkerLibLibItem>opencv_shape300.dll</linkerLibLibItem>
            <linkerLibLibItem>opencv_softcascade300.dll</linkerLibLibItem>
            <linkerLibLibItem>opencv_stitching300.dll</linkerLibLibItem>
            <linkerLibLibItem>opencv_superres300.dll</linkerLibLibItem>
            <linkerLibLibItem>opencv_ts300</linkerLibLibItem>
            <linkerLibLibItem>opencv_video300.dll</linkerLibLibItem>
            <linkerLibLibItem>opencv_videoio300.dll</linkerLibLibItem>
            <linkerLibLibItem>opencv_videostab300.dll</linkerLibLibItem>
          </linkerLibItems>
          <commandLine>-march=native</commandLine>
        </linkerTool>
      </compileType>
      <packaging>
        <packType>Zip</packType>
        <packFileList>
          <packFileListElem type="File"
                            to="${PACKAGE_TOP_DIR}bin/${OUTPUT_BASENAME}.exe"
                            from="${OUTPUT_PATH}.exe"
                            perm="755"
                            owner="root"
                            group="bin"/>
        </packFileList>
      </packaging>
      <item path="Matching/ECC.cpp" ex="false" tool="1" flavor2="0">
      </item>
      <item path="Matching/ECC.h" ex="false" tool="3" flavor2="0">
      </item>
      <item path="Matching/EstimateRigidT.cpp" ex="false" tool="1" flavor2="0">
      </item>
      <item path="Matching/EstimateRigidT.h" ex="false" tool="3" flavor2="0">
      </item>
      <item path="Matching/TemplateMatching.cpp" ex="false" tool="1" flavor2="0">
      </item>
      <item path="Matching/TemplateMatching.h" ex="false" tool="3" flavor2="0">
      </item>
      <item path="correction.cpp" ex="false" tool="1" flavor2="0">
      </item>
      <item path="correction.h" ex="false" tool="3" flavor2="0">
      </item>
      <item path="io.cpp" ex="false" tool="1" flavor2="0">
      </item>
      <item path="io.h" ex="false" tool="3" flavor2="0">
      </item>
      <item path="main.cpp" ex="false" tool="1" flavor2="0">
      </item>
      <item path="matcher.cpp" ex="false" tool="1" flavor2="0">
      </item>
      <item path="matcher.h" ex="false" tool="3" flavor2="0">
      </item>
      <item path="optimization.h" ex="false" tool="3" flavor2="0">
      </item>
    </conf>
    <conf name="Release" type="1">
      <toolsSet>
        <compilerSet>default</compilerSet>
        <dependencyChecking>true</dependencyChecking>
        <rebuildPropChanged>false</rebuildPropChanged>
      </toolsSet>
      <compileType>
        <cTool>
          <developmentMode>5</developmentMode>
          <stripSymbols>true</stripSymbols>
          <incDir>
            <pElem>include</pElem>
            <pElem>.</pElem>
          </incDir>
          <commandLine>-fopenmp -march=native -Ofast -flto</commandLine>
          <warningLevel>2</warningLevel>
        </cTool>
        <ccTool>
          <developmentMode>5</developmentMode>
          <stripSymbols>true</stripSymbols>
          <incDir>
            <pElem>include</pElem>
            <pElem>.</pElem>
          </incDir>
          <commandLine>-fopenmp -march=native -Ofast -flto</commandLine>
          <warningLevel>2</warningLevel>
        </ccTool>
        <fortranCompilerTool>
          <developmentMode>5</developmentMode>
        </fortranCompilerTool>
        <asmTool>
          <developmentMode>6</developmentMode>
        </asmTool>
        <linkerTool>
          <linkerAddLib>
            <pElem>lib</pElem>
          </linkerAddLib>
          <stripSymbols>true</stripSymbols>
          <linkerLibItems>
            <linkerLibStdlibItem>Mathematics</linkerLibStdlibItem>
            <linkerLibLibItem>opencv_calib3d300.dll</linkerLibLibItem>
            <linkerLibLibItem>opencv_contrib300.dll</linkerLibLibItem>
            <linkerLibLibItem>opencv_core300.dll</linkerLibLibItem>
            <linkerLibLibItem>opencv_features2d300.dll</linkerLibLibItem>
            <linkerLibLibItem>opencv_flann300.dll</linkerLibLibItem>
            <linkerLibLibItem>opencv_highgui300.dll</linkerLibLibItem>
            <linkerLibLibItem>opencv_imgcodecs300.dll</linkerLibLibItem>
            <linkerLibLibItem>opencv_imgproc300.dll</linkerLibLibItem>
            <linkerLibLibItem>opencv_legacy300.dll</linkerLibLibItem>
            <linkerLibLibItem>opencv_ml300.dll</linkerLibLibItem>
            <linkerLibLibItem>opencv_nonfree300.dll</linkerLibLibItem>
            <linkerLibLibItem>opencv_objdetect300.dll</linkerLibLibItem>
            <linkerLibLibItem>opencv_optim300.dll</linkerLibLibItem>
            <linkerLibLibItem>opencv_photo300.dll</linkerLibLibItem>
            <linkerLibLibItem>opencv_reg300.dll</linkerLibLibItem>
            <linkerLibLibItem>opencv_shape300.dll</linkerLibLibItem>
            <linkerLibLibItem>opencv_softcascade300.dll</linkerLibLibItem>
            <linkerLibLibItem>opencv_stitching300.dll</linkerLibLibItem>
            <linkerLibLibItem>opencv_superres300.dll</linkerLibLibItem>
            <linkerLibLibItem>opencv_ts300</linkerLibLibItem>
            <linkerLibLibItem>opencv_video300.dll</linkerLibLibItem>
            <linkerLibLibItem>opencv_videoio300.dll</linkerLibLibItem>
            <linkerLibLibItem>opencv_videostab300.dll</linkerLibLibItem>
          </linkerLibItems>
          <commandLine>-fopenmp -march=native -Ofast -flto</commandLine>
        </linkerTool>
      </compileType>
      <packaging>
        <packType>Zip</packType>
        <output>${CND_DISTDIR}/${CND_CONF}/${CND_PLATFORM}/package/photonique.zip</output>
        <packFileList>
          <packFileListElem type="File"
                            to="${PACKAGE_TOP_DIR}bin/${OUTPUT_BASENAME}.exe"
                            from="${OUTPUT_PATH}.exe"
                            perm="755"
                            owner="root"
                            group="bin"/>
        </packFileList>
      </packaging>
      <item path="Matching/ECC.cpp" ex="false" tool="1" flavor2="0">
      </item>
      <item path="Matching/ECC.h" ex="false" tool="3" flavor2="0">
      </item>
      <item path="Matching/EstimateRigidT.cpp" ex="false" tool="1" flavor2="0">
      </item>
      <item path="Matching/EstimateRigidT.h" ex="false" tool="3" flavor2="0">
      </item>
      <item path="Matching/TemplateMatching.cpp" ex="false" tool="1" flavor2="0">
      </item>
      <item path="Matching/TemplateMatching.h" ex="false" tool="3" flavor2="0">
      </item>
      <item path="correction.cpp" ex="false" tool="1" flavor2="0">
      </item>
      <item path="correction.h" ex="false" tool="3" flavor2="0">
      </item>
      <item path="io.cpp" ex="false" tool="1" flavor2="0">
      </item>
      <item path="io.h" ex="false" tool="3" flavor2="0">
      </item>
      <item path="main.cpp" ex="false" tool="1" flavor2="0">
      </item>
      <item path="matcher.cpp" ex="false" tool="1" flavor2="0">
      </item>
      <item path="matcher.h" ex="false" tool="3" flavor2="0">
      </item>
      <item path="optimization.h" ex="false" tool="3" flavor2="0">
      </item>
    </conf>
  </confs>
</configurationDescriptor>
