<?xml version="1.0" encoding="UTF-8"?>
<project-private xmlns="http://www.netbeans.org/ns/project-private/1">
    <code-assistance-data xmlns="http://www.netbeans.org/ns/make-project-private/1">
        <code-model-enabled>true</code-model-enabled>
    </code-assistance-data>
    <data xmlns="http://www.netbeans.org/ns/make-project-private/1">
        <activeConfTypeElem>1</activeConfTypeElem>
        <activeConfIndexElem>1</activeConfIndexElem>
    </data>
    <editor-bookmarks xmlns="http://www.netbeans.org/ns/editor-bookmarks/2" lastBookmarkId="0"/>
    <open-files xmlns="http://www.netbeans.org/ns/projectui-open-files/2">
        <group>
            <file>file:/C:/Users/Thomas/Drive/L3%20GBI/Stage/photonique2/matcher.h</file>
            <file>file:/C:/Users/Thomas/Drive/L3%20GBI/Stage/photonique2/include/opencv2/core/matx.hpp</file>
            <file>file:/C:/Users/Thomas/Drive/L3%20GBI/Stage/photonique2/matcher.cpp</file>
            <file>file:/C:/Users/Thomas/Drive/L3%20GBI/Stage/photonique2/main.cpp</file>
            <file>file:/C:/Users/Thomas/Drive/L3%20GBI/Stage/photonique2/include/opencv2/core/mat.inl.hpp</file>
        </group>
    </open-files>
</project-private>
